Model,PR-AUC,F1,Precision,Recall,Accuracy,F1_Threshold,TN,FP,FN,TP,ROC-AUC,Recall@90%P,Threshold@90%P
Logistic Regression,0.7437698102685204,0.7874015748031495,0.9615384615384616,0.6666666666666666,0.9995259997893332,0.9999932299184732,56885,2,25,50,0.9820044415537235,0.68,0.9999742323597429
Isolation Forest,0.03322332678290153,0.09737827715355805,0.05371900826446281,0.52,0.9873073276921457,0.5671008525384068,56200,687,36,39,0.9522109913805732,0.0,0.7889441772690274
Deep Autoencoder,0.20522414629609326,0.3891891891891892,0.32727272727272727,0.48,0.9980162213405428,4.570459842681885,56813,74,39,36,0.937877312332636,0.0,143.97267150878906
Denoising Autoencoder,0.1459788927158021,0.3169811320754717,0.22105263157894736,0.56,0.9968224430321969,3.7255475521087646,56739,148,33,42,0.9385584286978279,0.0,129.0175018310547
Hybrid (AE→LR),0.028857460686869955,0.0939947780678851,0.05844155844155844,0.24,0.9939082195147643,0.9921292306193957,56597,290,57,18,0.8893926556155185,0.0,0.9999999999999951
